IT Software Developer	software developer
SN Software Developer	software developer
Software Developer	software developer
Software Application Developer	software developer
Enterprise Software Developer	software developer
Software Applications Developer	software developer
Integration Software Developer	software developer
Software Integration Developer	software developer
Software Project Developer	software developer
Software Product Developer	software developer
Software Solutions Developer	software developer
Software Solution Developer	software developer
Software Systems Developer	software developer
Systems Software Developer	software developer
Embedded Software Developer	software developer
Mobile Software Developer	software developer
Expert Software Developer	software developer
Professional Software Developer	software developer
Financial Software Developer	software developer
Research Software Developer	software developer
Lead Software Developer	software developer
E Commerce Software Developer	software developer
Business Software Applications Developer	software developer
Intermediate Software Developer	software developer
Senior Software Developer	software developer
Sharepoint Software Developer	software developer
Flex Software Developer	software developer
Bioinformatics Software Developer	software developer
Software Development Programmer	software developer
IOS Software Developer	software developer
Quantitative Software Developer	software developer
GIS Software Developer	software developer
Lead Software Applications Developer	software developer
PHP Software Developer	software developer
Senior Software Applications Developer	software developer
Agile Software Development Developer	software developer
Senior Web Software Developer	software developer
Senior Software Web Developer	software developer
Senior Enterprise Software Developer	software developer
Software and Solution Developer	software developer
Graduate Software Developer	software developer
Systems Software Analyst Developer	software developer
Systems Software Developer Analyst	software developer
Junior Software Developer	software developer
Radio Protocols Stack Software Developer	software developer
Senior Software Systems Developer	software developer
Financial Systems Software Developer	software developer
Senior Internet Software Developer	software developer
Microsoft Software Development Engineer	software developer
Business Intelligence Software Developer	software developer
Lead Software Architect Developer	software developer
Software Programmer	software developer
Software Development Contributor	software developer
Oracle Senior Software Developer	software developer
Manager Software Development	software developer
Software Development Manager	software developer
Software Applications Programmer	software developer
Tools Developer	software developer
Energy Analytics Software Developer	software developer
Software Development Engineer	software developer
Enterprise Developer	software developer
Software Application Engineer	software developer
Automation Developer	software developer
Platform Software Engineer	software developer
ETL Software Developer	software developer
Application Developer	software developer
Software Development Consultant	software developer
Enterprise Applications Developer	software developer
Systems Web Developer	software developer
Web Systems Developer	software developer
Entry Level Software Developer	software developer
Software Development Architect	software developer
IT Applications Developer	software developer
Web Application Developer	software developer
IT Web Developer	software developer
J2EE Web Developer	software developer
Web Developer	software developer
Quality Assurance Software Developer	software developer
Software Project Manager	software developer
Agile Software Development Programmer	software developer
Web Applications Developer	software developer
Applicant Tracking Systems Developer	software developer
Systems Developer	software developer
Software Applications Architect	software developer
Software Release Engineer	software developer
Baan Software Engineer	software developer
GUI Software Engineer	software developer
IT Software Engineer	software developer
MTS1 Software Engineer	software developer
QT Software Engineer	software developer
SMTS Software Engineer	software developer
Software Engineer	software developer
Symbian Software Engineer	software developer
Software Integration Engineer	software developer
Software Applications Engineer	software developer
Software Development Project Manager	software developer
Software Licensing Manager	software developer
Software Release Manager	software developer
Software Solution Engineer	software developer
Software Product Manager	software developer
Product Software Engineer	software developer
Software Product Engineer	software developer
Integration Developer	software developer
E Solutions Developer	software developer
IT Solutions Developer	software developer
Tibco Developer Software Engineer	software developer
Internet Applications Developer	software developer
Mobile Software Engineer	software developer
Project Software Engineer	software developer
Software Project Engineer	software developer
Database Software Engineer	software developer
Business Applications Developer	software developer
Software Consultant	software developer
Multimedia Developer	software developer
Professional Applications Developer	software developer
Database Applications Developer	software developer
Server Software Engineer	software developer
Software Development Supervisor	software developer
IT Software Development Advisor	software developer
Software Development Advisor	software developer
Software Implementation Engineer	software developer
Senior Staff Software Developer	software developer
Software Development Analyst	software developer
Software Development Associate	software developer
Application Server Developer	software developer
Software Solutions Engineer	software developer
Support Software Development Engineer	software developer
Program Developer	software developer
Database Developer	software developer
Software Analytics Engineer	software developer
Software Build Engineer	software developer
Semantic Solution Developer	software developer
Solution Developer	software developer
Software Development Specialist	software developer
Software Solution Architect	software developer
Software Product Consultant	software developer
Software Administrator	software developer
Front End Software Developer	software developer
Enterprise Applications Integration Developer	software developer
Linux Software Engineer	software developer
Business Software Engineer	software developer
Software Sales Engineer	software developer
Senior Software Programmer	software developer
Embedded Software Engineer	software developer
GPS Embedded Software Engineer	software developer
Oracle Applications Developer	software developer
Manager Software Engineering	software developer
Software Systems Development Engineer	software developer
Systems Software Development Engineer	software developer
Software Systems Manager	software developer
Systems Software Manager	software developer
Business Systems Developer	software developer
Business Developer	software developer
Business IT Developer	software developer
Networking Software Engineer	software developer
Software Architect	software developer
Software IT Architect	software developer
Data Application Developer	software developer
Software Automation Engineer	software developer
Software Solutions Architect	software developer
Senior Lead Software Engineer Developer	software developer
Software Testing Manager	software developer
Senior Web Applications Software Engineer	software developer
Programmer Analyst Applications Developer	software developer
Data Developer	software developer
Software Support Engineer	software developer
Interface Developer	software developer
Software Product Support Engineer	software developer
Embedded Developer	software developer
Graphics Software Engineer	software developer
Internet Developer	software developer
Software Applications Support Consultant	software developer
1ShoppingCart Developer	software developer
AB Initio Developer	software developer
ADK Developer	software developer
AMQP Developer	software developer
ANSI C Developer	software developer
ATL Developer	software developer
AWK Developer	software developer
Ablecommerce Developer	software developer
Acronis Developer	software developer
Actian Developer	software developer
Actionscript Developer	software developer
Activecollab Developer	software developer
Activex Developer	software developer
Adva Developer	software developer
Ajax Developer	software developer
Akamai Developer	software developer
Akka Developer	software developer
Alpha Developer	software developer
Amadeus Developer	software developer
Amember Developer	software developer
Appcelerator Titanium Developer	software developer
Appfuse Developer	software developer
Applescript Developer	software developer
Arcserve Developer	software developer
Artisteer Developer	software developer
Aspectjs Developer	software developer
Assembla Developer	software developer
Asynchronous I O Developer	software developer
FMW Java Developer	software developer
Java Developer	software developer
Java Oracle Developer	software developer
Oracle Java Developer	software developer
Intermediate Java Developer	software developer
Lead Java Developer	software developer
Head Java Developer	software developer
Junior Java Developer	software developer
Journeyman Java Developer	software developer
Programmer Analyst Java Developer	software developer
Programmer Analyst Java J2EE Developer	software developer
Java Programmer	software developer
XML Developer	software developer
Technical Java Lead Developer	software developer
Java Engineer	software developer
PHP Software Developer	software developer
API Development Developer	software developer
SQL BI Developer	software developer
SQL Developer	software developer
PHP Applications Developer	software developer
Portal and Enterprise Java Developer	software developer
PHP Mysql Developer	software developer
Java Consultant	software developer
Fixed Income Java Developer	software developer
Android Developer	software developer
Android SDK Developer	software developer
Asp Developer	software developer
Delphi Developer	software developer
Oracle ADF Developer	software developer
Oracle Developer	software developer
Java Architect	software developer
API Documentation Developer	software developer
Oracle Applications Developer	software developer
Apache Ant Developer	software developer
Apache Avro Developer	software developer
Apache CXF Developer	software developer
Apache Camel Developer	software developer
Apache Cassandra Developer	software developer
Apache Cloudstack Developer	software developer
Apache Cocoon Developer	software developer
Apache Cordova Developer	software developer
Apache Flume Developer	software developer
Apache Hive Developer	software developer
Apache Jakarta Poi Developer	software developer
Apache Kafka Developer	software developer
Apache Mahout Developer	software developer
Apache Maven Developer	software developer
Apache Nutch Developer	software developer
Apache Ofbiz Developer	software developer
Apache Shirol Developer	software developer
Apache Solr Developer	software developer
Apache Struts Developer	software developer
Apache Subversion (SVN) Developer	software developer
Apache Thrift Developer	software developer
Apache Tiles Developer	software developer
Apache Tomcat Developer	software developer
Programmer Analyst Java	software developer
Unix Developer	software developer
IOS Software Developer	software developer
Junior Java Programmer	software developer
Android App Development Developer	software developer
Sharepoint Software Developer	software developer
Flex Software Developer	software developer
Lead PHP Developer	software developer
Senior Php Developer	software developer
Backend Developer	software developer
Senior Technology Specialist Java Developer	software developer
Flash Developer	software developer
Blackberry App Development Developer	software developer
Junior Php Developer	software developer
Sharepoint Web Developer	software developer
Application Developer	software developer
Mac Developer	software developer
IT Web Developer	software developer
J2EE Web Developer	software developer
Web Developer	software developer
Yahoo Developer Skills Programmer	software developer
Oracle Technical Developer	software developer
MS SQL Server Developer	software developer
SQL Server BI Developer	software developer
IT Software Developer	software developer
SN Software Developer	software developer
Software Developer	software developer
Oracle Senior Software Developer	software developer
Sharepoint .NET Developer	software developer
Flash Web Developer	software developer
Abstract Window Toolkit Developer	software developer
Android App Development Programmer	software developer
Sharepoint Developer	software developer
Basic Developer	software developer
Business Oracle Developer	software developer
Senior android Developer	software developer
Oracle Fusion Middleware Developer	software developer
Application Server Developer	software developer
Senior Pl SQL Developer	software developer
Senior SQL Developer	software developer
Web Application Developer	software developer
Mobile Developer	software developer
Software Project Developer	software developer
1ShoppingCart Developer	software developer
AB Initio Developer	software developer
ADK Developer	software developer
AMQP Developer	software developer
ANSI C Developer	software developer
ATL Developer	software developer
AWK Developer	software developer
Ablecommerce Developer	software developer
Acronis Developer	software developer
Actian Developer	software developer
Actionscript Developer	software developer
Activecollab Developer	software developer
Activex Developer	software developer
Adva Developer	software developer
Ajax Developer	software developer
Akamai Developer	software developer
Akka Developer	software developer
Alpha Developer	software developer
Amadeus Developer	software developer
Amember Developer	software developer
Appcelerator Titanium Developer	software developer
Appfuse Developer	software developer
Applescript Developer	software developer
Arcserve Developer	software developer
Artisteer Developer	software developer
Aspectjs Developer	software developer
Assembla Developer	software developer
Asynchronous I O Developer	software developer
Atlas Developer	software developer
Atlassian Confluence Developer	software developer
Atlassian Jira Developer	software developer
Atmel AVR Developer	software developer
Atom Developer	software developer
Augmented Reality Developer	software developer
Autohotkey Developer	software developer
Avactis Developer	software developer
Avaya Developer	software developer
Axapta Developer	software developer
BI Developer	software developer
BIRT Developer	software developer
BPCS Developer	software developer
BREW Developer	software developer
Backbone JS Developer	software developer
Bacula Developer	software developer
Bada Developer	software developer
Balsamiq Developer	software developer
Basecamp Developer	software developer
Betfair Developer	software developer
BigCommerce Developer	software developer
Bitcoin Developer	software developer
Bitrix Developer	software developer
Blackboard Developer	software developer
Blazeds Developer	software developer
Blogs Developer	software developer
Boonex Dolphin Developer	software developer
Boost Developer	software developer
Box2D Developer	software developer
Bugzilla Developer	software developer
Cobol Developer	software developer
Coldfusion Developer	software developer
Developer	software developer
Drupal Developer	software developer
ENDECA Developer	software developer
Ensemble Developer	software developer
Exstream Dialogue Developer	software developer
Filenet Developer	software developer
Gemstone Smalltalk Developer	software developer
HTML Developer	software developer
IPhone Developer	software developer
IT Developer	software developer
Imbuesys Developer	software developer
Integrations Developer	software developer
J2EE Developer	software developer
JCaps Developer	software developer
JD Edwards Developer	software developer
JDE Developer	software developer
Javascript Developer	software developer
LAMP Developer	software developer
Magento Developer	software developer
Magic Developer	software developer
Method Developer	software developer
Microstrategy Developer	software developer
Murex Developer	software developer
Navision Developer	software developer
Pegasystems Developer	software developer
Perl Developer	software developer
Python Developer	software developer
RAD Developer	software developer
Rails Developer	software developer
Ruby Developer	software developer
Synon Developer	software developer
TPF Developer	software developer
Tableau Developer	software developer
VBA Developer	software developer
XI Developer	software developer
Yantra Developer	software developer
Embedded Developer	software developer
Apple Uikit Framework Developer	software developer
Software Application Developer	software developer
Mobile Software Developer	software developer
Oracle Solutions Developer	software developer
Breakfast Chef	chefs
Chef	chefs
Chef De Froid	chefs
Chef De Partie	chefs
Comi Chef	chefs
Commis Chef	chefs
Demi Chef	chefs
Gourmet Chef	chefs
Sushi Chef	chefs
Pastry Chef	chefs
Apprentice Chef	chefs
Executive Pastry Chef	chefs
Sous Chef	chefs
Assistant Chef	chefs
Chef Assistant	chefs
Chef Manager	chefs
Banquet Chef	chefs
Executive Chef	chefs
Indian and Continental Chef	chefs
Pub Chef	chefs
Head Chef	chefs
Executive Sous Chef	chefs
Junior Chef	chefs
Senior Chef De Partie	chefs
Personal Chef	chefs
Line Chef	chefs
Senior Sous Chef	chefs
Junior Sous Chef	chefs
Kitchen Production Chef	chefs
Development Chef	chefs
Industrial Chef	chefs
Assistant Head Chef	chefs
Executive Head Chef	chefs
Broil Cook	chefs
Cook	chefs
Fry Cook	chefs
Grill Cook	chefs
Pizza Cook	chefs
Prep Cook	chefs
Wok Cook	chefs
Kitchen Cook	chefs
Pantry Cook	chefs
Deli Cook	chefs
First Cook	chefs
Cook Apprentice	chefs
Head Cook	chefs
Banquet Cook	chefs
Cook Supervisor	chefs
Assistant Cook	chefs
Lead Cook	chefs
Line Cook	chefs
Nursery Cook	chefs
Bakers and Pastry Cooks	chefs
Fast Food Cooks	chefs
Call Center Representative	call center agent
Head of Call Center	call center agent
Call Center Staff	call center agent
Call Center Manager	call center agent
Call Center Supervisor	call center agent
Call Center Worker	call center agent
Call Center Assistant	call center agent
Call Center Operator	call center agent
Call Center Agent	call center agent
Call Center Trainer	call center agent
Call Center Handler	call center agent
Inbound Call Center Representative	call center agent
Call Center Team Leader	call center agent
Senior Call Center Manager	call center agent
Call Center Sales Advisory	call center agent
Contact Center Representative	call center agent
Sales and Care Associate (Call Center) Inbound	call center agent
Verizon Wireless Call Center Representative	call center agent
Contact Center Manager	call center agent
Service Center Representative	call center agent
Day Center Manager	call center agent
Service Center Associate	call center agent
Contact Center Supervisor	call center agent
Head of Shared Service Center	call center agent
Contact Center Assistant	call center agent
Contact Center Advisor	call center agent
Contact Center Planning Manager	call center agent
Service Center Coordinator	call center agent
Contact Center Consultant	call center agent
Contact Center Team Leader	call center agent
Call Center Agent	call center agent
Contact Center Agent	call center agent
Call Center Representative	call center agent
Call Agent	call center agent
Call Center Manager	call center agent
French Call Centre Agent	call center agent
Call Center Assistant	call center agent
Multilingual Call Centre Agent	call center agent
Call Center Supervisor	call center agent
Inbound Call Center Representative	call center agent
Call Center Worker	call center agent
Call Center Handler	call center agent
Head of Call Center	call center agent
Call Center Operator	call center agent
Call Center Staff	call center agent
Senior Call Center Manager	call center agent
Contact Center Representative	call center agent
Call Center Trainer	call center agent
Call Center Sales Advisory	call center agent
Sales and Care Associate (Call Center) Inbound	call center agent
Contact Center Manager	call center agent
Call Center Team Leader	call center agent
Front Office Agent	call center agent
Contact Center Operative	call center agent
Contact Center Advisor	call center agent
Contact Center Planning Manager	call center agent
Contact Center Assistant	call center agent
Front Line Agent	call center agent
Contact Center Sales Manager	call center agent
One call Manager	call center agent
Contact Center Representative	call center agent
Contact Center Advisor	call center agent
Contact Center Manager	call center agent
Contact Center Consultant	call center agent
Contact Center Supervisor	call center agent
Contact Center Assistant	call center agent
Contact Center Agent	call center agent
Contact Center Trainer	call center agent
Contact Center Operative	call center agent
Customer Contact Center Manager	call center agent
Contact Center Planning Manager	call center agent
Contact Center Sales Manager	call center agent
Contact Center Team Leader	call center agent
Call Center Representative	call center agent
Call Center Staff	call center agent
Call Center Agent	call center agent
Head of Call Center	call center agent
Call Center Supervisor	call center agent
Call Center Manager	call center agent
Call Center Assistant	call center agent
Service Center Representative	call center agent
Inbound Call Center Representative	call center agent
Tourist Information Center Manager	call center agent
Call Center Trainer	call center agent
Call Center Worker	call center agent
Service Center Coordinator	call center agent
Service Center Associate	call center agent
Call Center Operator	call center agent
Inbound Contact Centre Team Leader	call center agent
Call Center Sales Advisory	call center agent
